<?xml version="1.0" encoding="UTF-8" standalone="yes"?>
<memorias>
    <memoria>
        <descripcion>Consulta preparada para Dashboard</descripcion>
        <idMemoria>21</idMemoria>
        <nombre>05-PermisoMenores</nombre>
        <nombreArchivo>05-PermisoMenores.xlsx</nombreArchivo>
        <query>
    select
        PermisosMenores.numExpediente as REFEXP,
        PermisosMenores.anoExpediente as REFANNO,
        CONVERT(VARCHAR,
        PermisosMenores.fechaSolicitud ,
        103) as FECHA,
        
    LEFT(CONVERT(VARCHAR,
    PermisosMenores.fechaSolicitud ,
    108),
    5) as HORA,
    paisview2_.nombrePais as VIAJE from
        PermisosMenores PermisosMenores 
    left outer join
        Pais pais1_ 
            on PermisosMenores.PaisViaje=pais1_.lugar_id 
    left outer join
        PaisView paisview2_ 
            on pais1_.lugar_id=paisview2_.lugar_id 
    where
      (
        (
            PermisosMenores.numExpediente is not null
        ) 
        and PermisosMenores.numExpediente&gt;0
      )</query>
        <rutaArchivo>MEMORIAS_ESTADISTICAS/21/05-PermisoMenores.xlsx</rutaArchivo>
        <subModulo>150082</subModulo>
    </memoria>
    <memoria>
        <descripcion>Consulta preparada para Dashboard</descripcion>
        <idMemoria>18</idMemoria>
        <nombre>08-LibroIdentificaciones</nombre>
        <nombreArchivo>LibroIdentificaciones.xlsx</nombreArchivo>
        <query>
    select
        RegistroIdentificado.numExpediente as REFEXP,
        RegistroIdentificado.anoExpediente as REFANNO,
        CONVERT(VARCHAR,
        RegistroIdentificado.fechaEntrada ,
        103) as FECHA,
        
    LEFT(CONVERT(VARCHAR,
    RegistroIdentificado.fechaEntrada ,
    108),
    5) as HORA,
    lugarview2_.geoLongitud as LONGITUD,
    lugarview2_.geoLatitud as LATITUD,
    lugarview2_.descripcion as CALLE from
        RegistroIdentificado RegistroIdentificado 
    left outer join
        Lugar lugar1_ 
            on RegistroIdentificado.lugar=lugar1_.lugar_id 
    left outer join
        LugarView lugarview2_ 
            on lugar1_.lugar_id=lugarview2_.lugar_id 
    where
      (
        (
            RegistroIdentificado.numExpediente is not null
        ) 
        and RegistroIdentificado.numExpediente&gt;0
      )</query>
        <rutaArchivo>MEMORIAS_ESTADISTICAS/18/LibroIdentificaciones.xlsx</rutaArchivo>
        <subModulo>500622</subModulo>
    </memoria>
    <memoria>
        <idMemoria>30</idMemoria>
        <nombre>08-RegistroDetenidosInvestigados</nombre>
        <nombreArchivo>08-RegistroDetenidosInvestigados.xlsx</nombreArchivo>
        <query>SELECT
    d.numExpediente AS REFNUM,
    d.anoExpediente AS REFANNO,
    CONVERT(VARCHAR, d.fechaExpediente, 103) AS FECHA,
    LEFT(CONVERT(VARCHAR, d.fechaExpediente, 108), 5) AS HORA,
    CASE 
        WHEN dh.Detenido = 1 AND dh.Imputado = 1 THEN 'Investigado, Detenido'
        WHEN dh.Detenido = 1 THEN 'Detenido'
        WHEN dh.Imputado = 1 THEN 'Investigado'
        ELSE 'Sin valor'
    END AS [INVES/DETEN],
    t4.texto AS FUERZAACTUANTE,
    t7.texto AS TIPODELITO
FROM Delincuente d
LEFT JOIN DelincuenteHistorial dh ON d.delincuente_id = dh.delincuente_id
LEFT JOIN Tipo t2 ON dh.tipoDelito = t2.tipo_id
LEFT JOIN Texto_Traducible tt3 ON t2.trNombre = tt3.texto_traducible_id
LEFT JOIN Traduccion t4 ON tt3.texto_traducible_id = t4.texto_traducible_id AND t4.idioma_id = 1
LEFT JOIN Tipo t5 ON dh.capitulo = t5.tipo_id
LEFT JOIN Texto_Traducible tt6 ON t5.trNombre = tt6.texto_traducible_id
LEFT JOIN Traduccion t7 ON tt6.texto_traducible_id = t7.texto_traducible_id AND t7.idioma_id = 1
WHERE d.numExpediente IS NOT NULL AND d.numExpediente &gt; 0;</query>
        <rutaArchivo>MEMORIAS_ESTADISTICAS/30/08-RegistroDetenidosInvestigados.xlsx</rutaArchivo>
        <subModulo>-1</subModulo>
    </memoria>
    <memoria>
        <descripcion>Consulta preparada para Dashboard</descripcion>
        <idMemoria>19</idMemoria>
        <nombre>08-RegistroDetenidosInvestigados (Editable) No utilizar</nombre>
        <nombreArchivo>RegistroDetenidosInvestigados.xlsx</nombreArchivo>
        <query>
    select
        Delincuente.numExpediente as REFNUM,
        Delincuente.anoExpediente as REFANNO,
        CONVERT(VARCHAR,
        Delincuente.fechaExpediente ,
        103) as FECHA,
        
    LEFT(CONVERT(VARCHAR,
    Delincuente.fechaExpediente ,
    108),
    5) as HORA,
    case 
        when delincuent1_.Detenido=1 then 'Sí' 
        else 'No' 
    end as DETENIDOS,
    case 
        when delincuent1_.Imputado=1 then 'Sí' 
        else 'No' 
    end as INVESTIGADOS,
    traduccion4_.texto as FUERZAACTUANTE,
    traduccion7_.texto as TIPODELITO from
        Delincuente Delincuente 
    left outer join
        DelincuenteHistorial delincuent1_ 
            on Delincuente.delincuente_id=delincuent1_.delincuente_id 
    left outer join
        Tipo tipo2_ 
            on delincuent1_.tipoDelito=tipo2_.tipo_id 
    left outer join
        Texto_Traducible textotradu3_ 
            on tipo2_.trNombre=textotradu3_.texto_traducible_id 
    left outer join
        Traduccion traduccion4_ 
            on textotradu3_.texto_traducible_id=traduccion4_.texto_traducible_id 
            and (
                traduccion4_.idioma_id=1
            ) 
    left outer join
        Tipo tipo5_ 
            on delincuent1_.capitulo=tipo5_.tipo_id 
    left outer join
        Texto_Traducible textotradu6_ 
            on tipo5_.trNombre=textotradu6_.texto_traducible_id 
    left outer join
        Traduccion traduccion7_ 
            on textotradu6_.texto_traducible_id=traduccion7_.texto_traducible_id 
            and (
                traduccion7_.idioma_id=1
            ) 
    where
      (
        (
            Delincuente.numExpediente is not null
        ) 
        and Delincuente.numExpediente&gt;0
      )</query>
        <rutaArchivo>MEMORIAS_ESTADISTICAS/19/RegistroDetenidosInvestigados.xlsx</rutaArchivo>
        <subModulo>22</subModulo>
    </memoria>
    <memoria>
        <idMemoria>25</idMemoria>
        <nombre>09-RegistroEntrada</nombre>
        <nombreArchivo>09-RegistroEntrada.xlsx</nombreArchivo>
        <query>
    select
        RegistroEntrada.numExpediente as REFNUM,
        RegistroEntrada.anoExpediente as REFANNO,
        CONVERT(VARCHAR,
        RegistroEntrada.fecharegistro ,
        103) as FECHA,
        
    LEFT(CONVERT(VARCHAR,
    RegistroEntrada.fecharegistro ,
    108),
    5) as HORA,
    cbmedioent1_.nombre as MEDIO_ENTRADA,
    cbtipodocu2_.nombre as TIPO_DOCUMENTO,
    hechoview4_.nivel1 as nivel1 from
        RegistroEntrada RegistroEntrada 
    left outer join
        cbMedioEntrada cbmedioent1_ 
            on RegistroEntrada.cbMedioEntrada=cbmedioent1_.id 
    left outer join
        cbTipoDocumento cbtipodocu2_ 
            on RegistroEntrada.cbTipoDocumento=cbtipodocu2_.id 
    left outer join
        Hecho hecho3_ 
            on RegistroEntrada.hecho_id=hecho3_.id 
    left outer join
        HechoView hechoview4_ 
            on hecho3_.id=hechoview4_.id</query>
        <rutaArchivo>MEMORIAS_ESTADISTICAS/25/09-RegistroEntrada.xlsx</rutaArchivo>
        <subModulo>500082</subModulo>
    </memoria>
    <memoria>
        <idMemoria>26</idMemoria>
        <nombre>09-RegistroSalida</nombre>
        <nombreArchivo>09-RegistroSalida.xlsx</nombreArchivo>
        <query>
    select
        Registro_salida.numExpediente as REFNUM,
        Registro_salida.anoExpediente as REFANNO,
        CONVERT(VARCHAR,
        Registro_salida.fechaSalida ,
        103) as FECHA,
        
    LEFT(CONVERT(VARCHAR,
    Registro_salida.fechaSalida ,
    108),
    5) as HORA,
    traduccion3_.texto as tipo,
    hechoview5_.nivel1 as nivel1 from
        Registro_salida Registro_salida 
    left outer join
        Tipo tipo1_ 
            on Registro_salida.motivosalida_id=tipo1_.tipo_id 
    left outer join
        Texto_Traducible textotradu2_ 
            on tipo1_.trNombre=textotradu2_.texto_traducible_id 
    left outer join
        Traduccion traduccion3_ 
            on textotradu2_.texto_traducible_id=traduccion3_.texto_traducible_id 
            and (
                traduccion3_.idioma_id=1
            ) 
    left outer join
        Hecho hecho4_ 
            on Registro_salida.hecho_id=hecho4_.id 
    left outer join
        HechoView hechoview5_ 
            on hecho4_.id=hechoview5_.id</query>
        <rutaArchivo>MEMORIAS_ESTADISTICAS/26/09-RegistroSalida.xlsx</rutaArchivo>
        <subModulo>80102</subModulo>
    </memoria>
    <memoria>
        <descripcion>Consulta preparada Dashboard</descripcion>
        <idMemoria>33</idMemoria>
        <nombre>10-PlanificacionSimple</nombre>
        <nombreArchivo>10-PlanificacionSimple.xlsx</nombreArchivo>
        <query>
    select
        OrdenServicio.numexp as REFNUM,
        OrdenServicio.anyoexp as REFANNO,
        lugarcompl2_.geoLongitud as LONGITUD,
        lugarcompl2_.geoLatitud as LATITUD,
        lugarcompl2_.descripcion as CALLE,
        CONVERT(VARCHAR,
        OrdenServicio.inicio ,
        103) as FECHA,
        hechoview4_.descripcion as Hecho 
    from
        OrdenServicio OrdenServicio 
    left outer join
        Lugar_Completo lugarcompl1_ 
            on OrdenServicio.lugarcompleto_id=lugarcompl1_.lugarcompleto_id 
    left outer join
        LugarCompletoView lugarcompl2_ 
            on lugarcompl1_.lugarcompleto_id=lugarcompl2_.lugarcompleto_id 
    left outer join
        Hecho hecho3_ 
            on OrdenServicio.hecho_id=hecho3_.id 
    left outer join
        HechoView hechoview4_ 
            on hecho3_.id=hechoview4_.id</query>
        <rutaArchivo>MEMORIAS_ESTADISTICAS/33/10-PlanificacionSimple.xlsx</rutaArchivo>
        <subModulo>79</subModulo>
    </memoria>
    <memoria>
        <idMemoria>29</idMemoria>
        <nombre>99-TablaHechosIncidencias</nombre>
        <nombreArchivo>99-TablaHechosIncidencias.xlsx</nombreArchivo>
        <query>SELECT
STUFF(
	REPLACE ( REPLACE ( REPLACE ( REPLACE ( REPLACE (
		ISNULL('+' + TRt5.texto, '') + '+' +
		ISNULL(TRt4.texto, '') + '+' +
		ISNULL(TRt3.texto, '') + '+' +
		ISNULL(TRt2.texto, '') + '+' +
		ISNULL(TRt1.texto, '')
	,'++','+'),'++','+'),'++','+'),'++','+'),'++','+')
, 1, 1, '')		
	,						
	TRt1.texto nivel1, 
	TRt2.texto nivel2, 
	TRt3.texto nivel3,
	TRt4.texto nivel4,
	TRt5.texto nivel5,	
	t5.tipo_id nivel1_id,
	t4.tipo_id nivel2_id,
	t3.tipo_id nivel3_id,
	t2.tipo_id nivel4_id,
	t1.tipo_id nivel5_id
FROM 
	Tipo_Catalogo_Hechos tch -- on h.catalogohecho_id=tch.tipo_id
	JOIN Tipo t1 on t1.tipo_id=tch.tipo_id
	LEFT JOIN Traduccion TRt1 ON TRt1.texto_traducible_id=t1.trNombre AND TRt1.idioma_id = 1
	LEFT JOIN Tipo t2 on t2.tipo_id=t1.id_padre
	LEFT JOIN Traduccion TRt2 ON TRt2.texto_traducible_id=t2.trNombre AND TRt2.idioma_id = 1
	LEFT JOIN Tipo t3 on t3.tipo_id=t2.id_padre
	LEFT JOIN Traduccion TRt3 ON TRt3.texto_traducible_id=t3.trNombre AND TRt3.idioma_id = 1
	LEFT JOIN Tipo t4 ON t4.tipo_id=t3.id_padre
	LEFT JOIN Traduccion TRt4 ON TRt4.texto_traducible_id=t4.trNombre AND TRt4.idioma_id = 1
	LEFT JOIN Tipo t5 ON t5.tipo_id=t4.id_padre
	LEFT JOIN Traduccion TRt5 ON TRt5.texto_traducible_id=t5.trNombre AND TRt5.idioma_id = 1
WHERE 1=1</query>
        <rutaArchivo>MEMORIAS_ESTADISTICAS/29/99-TablaHechosIncidencias.xlsx</rutaArchivo>
        <subModulo>-1</subModulo>
    </memoria>
    <memoria>
        <idMemoria>28</idMemoria>
        <nombre>99-UnificacionTotal</nombre>
        <nombreArchivo>00-UnificacionTotal2.xlsx</nombreArchivo>
        <query>WITH AD AS (
    SELECT
        CONVERT(VARCHAR, fechaSuceso, 103) AS FECHA,
        COUNT(*) AS TotalAccidenteDSV
    FROM AccidenteDSV
    WHERE numExpediente IS NOT NULL AND numExpediente &gt; 0
    GROUP BY CONVERT(VARCHAR, fechaSuceso, 103)
),
INCI AS (
    SELECT
        CONVERT(VARCHAR, fechaAlta, 103) AS FECHA,
        COUNT(*) AS TotalIncidencias
    FROM Incidencia
    WHERE num_Incidencia IS NOT NULL AND num_Incidencia &gt; 0
    GROUP BY CONVERT(VARCHAR, fechaAlta, 103)
),
PJ AS (
    SELECT
        CONVERT(VARCHAR, fechaSucesode, 103) AS FECHA,
        COUNT(*) AS TotalAtestadoPJ
    FROM AtestadoPJ
    WHERE numExpediente IS NOT NULL AND numExpediente &gt; 0
    GROUP BY CONVERT(VARCHAR, fechaSucesode, 103)
),
GA AS (
    SELECT
        CONVERT(VARCHAR, fechaSucesode, 103) AS FECHA,
        COUNT(*) AS TotalGestionAdministrativa
    FROM Gestion_Administrativa
    WHERE numExpediente IS NOT NULL AND numExpediente &gt; 0
    GROUP BY CONVERT(VARCHAR, fechaSucesode, 103)
),
AT AS (
    SELECT
        CONVERT(VARCHAR, fechaApertura, 103) AS FECHA,
        COUNT(*) AS TotalAtestados
    FROM Atestado
    WHERE numeroAtestado IS NOT NULL AND numeroAtestado &gt; 0
    GROUP BY CONVERT(VARCHAR, fechaApertura, 103)
),
CV AS (
    SELECT
        CONVERT(VARCHAR, horaInicio, 103) AS FECHA,
        COUNT(*) AS TotalControlesVehiculos
    FROM controles_Vehiculos
    WHERE numExpediente IS NOT NULL AND numExpediente &gt; 0
    GROUP BY CONVERT(VARCHAR, horaInicio, 103)
),
VD AS (
    SELECT
        CONVERT(VARCHAR, fechaEntrada, 103) AS FECHA,
        COUNT(*) AS TotalVehiculoDeposito
    FROM VehiculoDeposito
    WHERE numExpediente IS NOT NULL AND numExpediente &gt; 0
    GROUP BY CONVERT(VARCHAR, fechaEntrada, 103)
),
RI AS (
    SELECT
        CONVERT(VARCHAR, fechaEntrada, 103) AS FECHA,
        COUNT(*) AS TotalRegistroIdentificado
    FROM RegistroIdentificado
    WHERE numExpediente IS NOT NULL AND numExpediente &gt; 0
    GROUP BY CONVERT(VARCHAR, fechaEntrada, 103)
),
DE AS (
    SELECT
        CONVERT(VARCHAR, fechaExpediente, 103) AS FECHA,
        COUNT(*) AS TotalDelincuentes
    FROM Delincuente
    WHERE numExpediente IS NOT NULL AND numExpediente &gt; 0
    GROUP BY CONVERT(VARCHAR, fechaExpediente, 103)
),
VI AS (
    SELECT
        CONVERT(VARCHAR, fechaInmovilizacion, 103) AS FECHA,
        COUNT(*) AS TotalVehiculoInmovilizado
    FROM VehiculoInmovilizado
    WHERE numExpediente IS NOT NULL AND numExpediente &gt; 0
    GROUP BY CONVERT(VARCHAR, fechaInmovilizacion, 103)
),
PM AS (
    SELECT
        CONVERT(VARCHAR, fechaSolicitud, 103) AS FECHA,
        COUNT(*) AS TotalPermisosMenores
    FROM PermisosMenores
    WHERE numExpediente IS NOT NULL AND numExpediente &gt; 0
    GROUP BY CONVERT(VARCHAR, fechaSolicitud, 103)
),
PA AS (
    SELECT
        CONVERT(VARCHAR, fecha, 103) AS FECHA,
        COUNT(*) AS TotalPermisosArmas
    FROM PermisosArmas
    WHERE numExpediente IS NOT NULL AND numExpediente &gt; 0
    GROUP BY CONVERT(VARCHAR, fecha, 103)
),
RE AS (
    SELECT
        CONVERT(VARCHAR, RegistroEntrada.fecharegistro, 103) AS FECHA,
        COUNT(*) AS TotalRegistroEntrada
    FROM RegistroEntrada
    WHERE numExpediente IS NOT NULL AND numExpediente &gt; 0
    GROUP BY CONVERT(VARCHAR, RegistroEntrada.fecharegistro, 103)
),
RS AS (
    SELECT
        CONVERT(VARCHAR, Registro_salida.fechaSalida, 103) AS FECHA,
        COUNT(*) AS TotalRegistroSalida
    FROM Registro_salida
    WHERE numExpediente IS NOT NULL AND numExpediente &gt; 0
    GROUP BY CONVERT(VARCHAR, Registro_salida.fechaSalida, 103)
),
PD AS (
    SELECT
        CONVERT(VARCHAR, PartesDiarios.FechaParte, 103) AS FECHA,
        COUNT(*) AS TotalPartesDiarios
    FROM PartesDiarios
    WHERE numExpediente IS NOT NULL AND numExpediente &gt; 0
    GROUP BY CONVERT(VARCHAR, PartesDiarios.FechaParte, 103)
)

SELECT
    COALESCE(
        AD.FECHA, INCI.FECHA, PJ.FECHA, GA.FECHA, AT.FECHA,
        CV.FECHA, VD.FECHA, RI.FECHA, DE.FECHA,
        VI.FECHA, PM.FECHA, PA.FECHA, RE.FECHA, RS.FECHA, PD.FECHA
    ) AS FECHA,

    ISNULL(AD.TotalAccidenteDSV, 0)        AS AtestadosDSV,
    ISNULL(INCI.TotalIncidencias, 0)       AS Incidencias,
    ISNULL(PJ.TotalAtestadoPJ, 0)          AS AtestadosPJ,
    ISNULL(GA.TotalGestionAdministrativa,0)AS GestionAdministrativa,
    ISNULL(AT.TotalAtestados, 0)           AS AtestadosRREG,
    ISNULL(CV.TotalControlesVehiculos, 0)  AS ControlesVehiculos,
    ISNULL(VD.TotalVehiculoDeposito, 0)    AS VehiculoDeposito,
    ISNULL(RI.TotalRegistroIdentificado,0) AS RegistroIdentificado,
    ISNULL(DE.TotalDelincuentes, 0)        AS Delincuentes,
    ISNULL(VI.TotalVehiculoInmovilizado,0) AS VehiculoInmovilizado,
    ISNULL(PM.TotalPermisosMenores, 0)     AS PermisosMenores,
    ISNULL(PA.TotalPermisosArmas, 0)       AS PermisosArmas,
    ISNULL(RE.TotalRegistroEntrada, 0)     AS RegistroEntrada,
    ISNULL(RS.TotalRegistroSalida, 0)      AS RegistroSalida,
    ISNULL(PD.TotalPartesDiarios, 0)       AS PartesDiarios

FROM AD
FULL OUTER JOIN INCI ON AD.FECHA = INCI.FECHA
FULL OUTER JOIN PJ   ON COALESCE(AD.FECHA, INCI.FECHA) = PJ.FECHA
FULL OUTER JOIN GA   ON COALESCE(AD.FECHA, INCI.FECHA, PJ.FECHA) = GA.FECHA
FULL OUTER JOIN AT   ON COALESCE(AD.FECHA, INCI.FECHA, PJ.FECHA, GA.FECHA) = AT.FECHA
FULL OUTER JOIN CV   ON COALESCE(AD.FECHA, INCI.FECHA, PJ.FECHA, GA.FECHA, AT.FECHA) = CV.FECHA
FULL OUTER JOIN VD   ON COALESCE(AD.FECHA, INCI.FECHA, PJ.FECHA, GA.FECHA, AT.FECHA, CV.FECHA) = VD.FECHA
FULL OUTER JOIN RI   ON COALESCE(AD.FECHA, INCI.FECHA, PJ.FECHA, GA.FECHA, AT.FECHA, CV.FECHA, VD.FECHA) = RI.FECHA
FULL OUTER JOIN DE   ON COALESCE(AD.FECHA, INCI.FECHA, PJ.FECHA, GA.FECHA, AT.FECHA, CV.FECHA, VD.FECHA, RI.FECHA) = DE.FECHA
FULL OUTER JOIN VI   ON COALESCE(AD.FECHA, INCI.FECHA, PJ.FECHA, GA.FECHA, AT.FECHA, CV.FECHA, VD.FECHA, RI.FECHA, DE.FECHA) = VI.FECHA
FULL OUTER JOIN PM   ON COALESCE(AD.FECHA, INCI.FECHA, PJ.FECHA, GA.FECHA, AT.FECHA, CV.FECHA, VD.FECHA, RI.FECHA, DE.FECHA, VI.FECHA) = PM.FECHA
FULL OUTER JOIN PA   ON COALESCE(AD.FECHA, INCI.FECHA, PJ.FECHA, GA.FECHA, AT.FECHA, CV.FECHA, VD.FECHA, RI.FECHA, DE.FECHA, VI.FECHA, PM.FECHA) = PA.FECHA
FULL OUTER JOIN RE   ON COALESCE(AD.FECHA, INCI.FECHA, PJ.FECHA, GA.FECHA, AT.FECHA, CV.FECHA, VD.FECHA, RI.FECHA, DE.FECHA, VI.FECHA, PM.FECHA, PA.FECHA) = RE.FECHA
FULL OUTER JOIN RS   ON COALESCE(AD.FECHA, INCI.FECHA, PJ.FECHA, GA.FECHA, AT.FECHA, CV.FECHA, VD.FECHA, RI.FECHA, DE.FECHA, VI.FECHA, PM.FECHA, PA.FECHA, RE.FECHA) = RS.FECHA
FULL OUTER JOIN PD   ON COALESCE(AD.FECHA, INCI.FECHA, PJ.FECHA, GA.FECHA, AT.FECHA, CV.FECHA, VD.FECHA, RI.FECHA, DE.FECHA, VI.FECHA, PM.FECHA, PA.FECHA, RE.FECHA, RS.FECHA) = PD.FECHA
ORDER BY FECHA;</query>
        <rutaArchivo>MEMORIAS_ESTADISTICAS/28/00-UnificacionTotal2.xlsx</rutaArchivo>
        <subModulo>-1</subModulo>
    </memoria>
</memorias>
